Id_Customer,Name,Last_name,Adress,Postal_code,Document_Id
1,Name_130,Last_name_130,Adress_130,P_Code_130,Doc_ID_130
2,Name_316,Last_name_316,Adress_316,P_Code_316,Doc_ID_316
3,Name_575,Last_name_575,Adress_575,P_Code_575,Doc_ID_575
4,Name_388,Last_name_388,Adress_388,P_Code_388,Doc_ID_388
5,Name_509,Last_name_509,Adress_509,P_Code_509,Doc_ID_509
6,Name_44,Last_name_44,Adress_44,P_Code_44,Doc_ID_44
7,Name_535,Last_name_535,Adress_535,P_Code_535,Doc_ID_535
8,Name_523,Last_name_523,Adress_523,P_Code_523,Doc_ID_523
9,Name_470,Last_name_470,Adress_470,P_Code_470,Doc_ID_470
10,Name_419,Last_name_419,Adress_419,P_Code_419,Doc_ID_419
11,Name_368,Last_name_368,Adress_368,P_Code_368,Doc_ID_368
12,Name_119,Last_name_119,Adress_119,P_Code_119,Doc_ID_119
13,Name_391,Last_name_391,Adress_391,P_Code_391,Doc_ID_391
14,Name_131,Last_name_131,Adress_131,P_Code_131,Doc_ID_131
15,Name_414,Last_name_414,Adress_414,P_Code_414,Doc_ID_414
16,Name_267,Last_name_267,Adress_267,P_Code_267,Doc_ID_267
17,Name_302,Last_name_302,Adress_302,P_Code_302,Doc_ID_302
18,Name_400,Last_name_400,Adress_400,P_Code_400,Doc_ID_400
19,Name_468,Last_name_468,Adress_468,P_Code_468,Doc_ID_468
20,Name_343,Last_name_343,Adress_343,P_Code_343,Doc_ID_343
21,Name_108,Last_name_108,Adress_108,P_Code_108,Doc_ID_108
22,Name_455,Last_name_455,Adress_455,P_Code_455,Doc_ID_455
23,Name_524,Last_name_524,Adress_524,P_Code_524,Doc_ID_524
24,Name_365,Last_name_365,Adress_365,P_Code_365,Doc_ID_365
25,Name_246,Last_name_246,Adress_246,P_Code_246,Doc_ID_246
26,Name_325,Last_name_325,Adress_325,P_Code_325,Doc_ID_325
27,Name_237,Last_name_237,Adress_237,P_Code_237,Doc_ID_237
28,Name_304,Last_name_304,Adress_304,P_Code_304,Doc_ID_304
29,Name_257,Last_name_257,Adress_257,P_Code_257,Doc_ID_257
30,Name_354,Last_name_354,Adress_354,P_Code_354,Doc_ID_354
31,Name_89,Last_name_89,Adress_89,P_Code_89,Doc_ID_89
32,Name_297,Last_name_297,Adress_297,P_Code_297,Doc_ID_297
33,Name_274,Last_name_274,Adress_274,P_Code_274,Doc_ID_274
34,Name_429,Last_name_429,Adress_429,P_Code_429,Doc_ID_429
35,Name_551,Last_name_551,Adress_551,P_Code_551,Doc_ID_551
36,Name_344,Last_name_344,Adress_344,P_Code_344,Doc_ID_344
37,Name_401,Last_name_401,Adress_401,P_Code_401,Doc_ID_401
38,Name_250,Last_name_250,Adress_250,P_Code_250,Doc_ID_250
39,Name_247,Last_name_247,Adress_247,P_Code_247,Doc_ID_247
40,Name_564,Last_name_564,Adress_564,P_Code_564,Doc_ID_564
41,Name_184,Last_name_184,Adress_184,P_Code_184,Doc_ID_184
42,Name_444,Last_name_444,Adress_444,P_Code_444,Doc_ID_444
43,Name_20,Last_name_20,Adress_20,P_Code_20,Doc_ID_20
44,Name_114,Last_name_114,Adress_114,P_Code_114,Doc_ID_114
45,Name_47,Last_name_47,Adress_47,P_Code_47,Doc_ID_47
46,Name_379,Last_name_379,Adress_379,P_Code_379,Doc_ID_379
47,Name_59,Last_name_59,Adress_59,P_Code_59,Doc_ID_59
48,Name_197,Last_name_197,Adress_197,P_Code_197,Doc_ID_197
49,Name_467,Last_name_467,Adress_467,P_Code_467,Doc_ID_467
50,Name_301,Last_name_301,Adress_301,P_Code_301,Doc_ID_301
51,Name_571,Last_name_571,Adress_571,P_Code_571,Doc_ID_571
52,Name_531,Last_name_531,Adress_531,P_Code_531,Doc_ID_531
53,Name_536,Last_name_536,Adress_536,P_Code_536,Doc_ID_536
54,Name_211,Last_name_211,Adress_211,P_Code_211,Doc_ID_211
55,Name_49,Last_name_49,Adress_49,P_Code_49,Doc_ID_49
56,Name_539,Last_name_539,Adress_539,P_Code_539,Doc_ID_539
57,Name_482,Last_name_482,Adress_482,P_Code_482,Doc_ID_482
58,Name_21,Last_name_21,Adress_21,P_Code_21,Doc_ID_21
59,Name_200,Last_name_200,Adress_200,P_Code_200,Doc_ID_200
60,Name_71,Last_name_71,Adress_71,P_Code_71,Doc_ID_71
61,Name_311,Last_name_311,Adress_311,P_Code_311,Doc_ID_311
62,Name_214,Last_name_214,Adress_214,P_Code_214,Doc_ID_214
63,Name_384,Last_name_384,Adress_384,P_Code_384,Doc_ID_384
64,Name_359,Last_name_359,Adress_359,P_Code_359,Doc_ID_359
65,Name_371,Last_name_371,Adress_371,P_Code_371,Doc_ID_371
66,Name_577,Last_name_577,Adress_577,P_Code_577,Doc_ID_577
67,Name_277,Last_name_277,Adress_277,P_Code_277,Doc_ID_277
68,Name_409,Last_name_409,Adress_409,P_Code_409,Doc_ID_409
69,Name_19,Last_name_19,Adress_19,P_Code_19,Doc_ID_19
70,Name_209,Last_name_209,Adress_209,P_Code_209,Doc_ID_209
71,Name_446,Last_name_446,Adress_446,P_Code_446,Doc_ID_446
72,Name_587,Last_name_587,Adress_587,P_Code_587,Doc_ID_587
73,Name_430,Last_name_430,Adress_430,P_Code_430,Doc_ID_430
74,Name_134,Last_name_134,Adress_134,P_Code_134,Doc_ID_134
75,Name_508,Last_name_508,Adress_508,P_Code_508,Doc_ID_508
76,Name_298,Last_name_298,Adress_298,P_Code_298,Doc_ID_298
77,Name_28,Last_name_28,Adress_28,P_Code_28,Doc_ID_28
78,Name_500,Last_name_500,Adress_500,P_Code_500,Doc_ID_500
79,Name_251,Last_name_251,Adress_251,P_Code_251,Doc_ID_251
80,Name_204,Last_name_204,Adress_204,P_Code_204,Doc_ID_204
81,Name_249,Last_name_249,Adress_249,P_Code_249,Doc_ID_249
82,Name_93,Last_name_93,Adress_93,P_Code_93,Doc_ID_93
83,Name_498,Last_name_498,Adress_498,P_Code_498,Doc_ID_498
84,Name_319,Last_name_319,Adress_319,P_Code_319,Doc_ID_319
85,Name_239,Last_name_239,Adress_239,P_Code_239,Doc_ID_239
86,Name_87,Last_name_87,Adress_87,P_Code_87,Doc_ID_87
87,Name_261,Last_name_261,Adress_261,P_Code_261,Doc_ID_261
88,Name_557,Last_name_557,Adress_557,P_Code_557,Doc_ID_557
89,Name_105,Last_name_105,Adress_105,P_Code_105,Doc_ID_105
90,Name_445,Last_name_445,Adress_445,P_Code_445,Doc_ID_445
91,Name_168,Last_name_168,Adress_168,P_Code_168,Doc_ID_168
92,Name_501,Last_name_501,Adress_501,P_Code_501,Doc_ID_501
93,Name_287,Last_name_287,Adress_287,P_Code_287,Doc_ID_287
94,Name_162,Last_name_162,Adress_162,P_Code_162,Doc_ID_162
95,Name_111,Last_name_111,Adress_111,P_Code_111,Doc_ID_111
96,Name_469,Last_name_469,Adress_469,P_Code_469,Doc_ID_469
97,Name_489,Last_name_489,Adress_489,P_Code_489,Doc_ID_489
98,Name_403,Last_name_403,Adress_403,P_Code_403,Doc_ID_403
99,Name_169,Last_name_169,Adress_169,P_Code_169,Doc_ID_169
100,Name_493,Last_name_493,Adress_493,P_Code_493,Doc_ID_493
101,Name_106,Last_name_106,Adress_106,P_Code_106,Doc_ID_106
102,Name_463,Last_name_463,Adress_463,P_Code_463,Doc_ID_463
103,Name_77,Last_name_77,Adress_77,P_Code_77,Doc_ID_77
104,Name_324,Last_name_324,Adress_324,P_Code_324,Doc_ID_324
105,Name_6,Last_name_6,Adress_6,P_Code_6,Doc_ID_6
106,Name_462,Last_name_462,Adress_462,P_Code_462,Doc_ID_462
107,Name_244,Last_name_244,Adress_244,P_Code_244,Doc_ID_244
108,Name_294,Last_name_294,Adress_294,P_Code_294,Doc_ID_294
109,Name_589,Last_name_589,Adress_589,P_Code_589,Doc_ID_589
110,Name_159,Last_name_159,Adress_159,P_Code_159,Doc_ID_159
111,Name_595,Last_name_595,Adress_595,P_Code_595,Doc_ID_595
112,Name_307,Last_name_307,Adress_307,P_Code_307,Doc_ID_307
113,Name_471,Last_name_471,Adress_471,P_Code_471,Doc_ID_471
114,Name_584,Last_name_584,Adress_584,P_Code_584,Doc_ID_584
115,Name_241,Last_name_241,Adress_241,P_Code_241,Doc_ID_241
116,Name_360,Last_name_360,Adress_360,P_Code_360,Doc_ID_360
117,Name_465,Last_name_465,Adress_465,P_Code_465,Doc_ID_465
118,Name_157,Last_name_157,Adress_157,P_Code_157,Doc_ID_157
119,Name_266,Last_name_266,Adress_266,P_Code_266,Doc_ID_266
120,Name_327,Last_name_327,Adress_327,P_Code_327,Doc_ID_327
121,Name_65,Last_name_65,Adress_65,P_Code_65,Doc_ID_65
122,Name_596,Last_name_596,Adress_596,P_Code_596,Doc_ID_596
123,Name_201,Last_name_201,Adress_201,P_Code_201,Doc_ID_201
124,Name_306,Last_name_306,Adress_306,P_Code_306,Doc_ID_306
125,Name_526,Last_name_526,Adress_526,P_Code_526,Doc_ID_526
126,Name_18,Last_name_18,Adress_18,P_Code_18,Doc_ID_18
127,Name_190,Last_name_190,Adress_190,P_Code_190,Doc_ID_190
128,Name_399,Last_name_399,Adress_399,P_Code_399,Doc_ID_399
129,Name_117,Last_name_117,Adress_117,P_Code_117,Doc_ID_117
130,Name_112,Last_name_112,Adress_112,P_Code_112,Doc_ID_112
131,Name_252,Last_name_252,Adress_252,P_Code_252,Doc_ID_252
132,Name_518,Last_name_518,Adress_518,P_Code_518,Doc_ID_518
133,Name_36,Last_name_36,Adress_36,P_Code_36,Doc_ID_36
134,Name_245,Last_name_245,Adress_245,P_Code_245,Doc_ID_245
135,Name_452,Last_name_452,Adress_452,P_Code_452,Doc_ID_452
136,Name_483,Last_name_483,Adress_483,P_Code_483,Doc_ID_483
137,Name_152,Last_name_152,Adress_152,P_Code_152,Doc_ID_152
138,Name_269,Last_name_269,Adress_269,P_Code_269,Doc_ID_269
139,Name_281,Last_name_281,Adress_281,P_Code_281,Doc_ID_281
140,Name_69,Last_name_69,Adress_69,P_Code_69,Doc_ID_69
141,Name_67,Last_name_67,Adress_67,P_Code_67,Doc_ID_67
142,Name_476,Last_name_476,Adress_476,P_Code_476,Doc_ID_476
143,Name_563,Last_name_563,Adress_563,P_Code_563,Doc_ID_563
144,Name_313,Last_name_313,Adress_313,P_Code_313,Doc_ID_313
145,Name_72,Last_name_72,Adress_72,P_Code_72,Doc_ID_72
146,Name_562,Last_name_562,Adress_562,P_Code_562,Doc_ID_562
147,Name_553,Last_name_553,Adress_553,P_Code_553,Doc_ID_553
148,Name_528,Last_name_528,Adress_528,P_Code_528,Doc_ID_528
149,Name_472,Last_name_472,Adress_472,P_Code_472,Doc_ID_472
150,Name_350,Last_name_350,Adress_350,P_Code_350,Doc_ID_350
151,Name_474,Last_name_474,Adress_474,P_Code_474,Doc_ID_474
152,Name_554,Last_name_554,Adress_554,P_Code_554,Doc_ID_554
153,Name_511,Last_name_511,Adress_511,P_Code_511,Doc_ID_511
154,Name_573,Last_name_573,Adress_573,P_Code_573,Doc_ID_573
155,Name_381,Last_name_381,Adress_381,P_Code_381,Doc_ID_381
156,Name_172,Last_name_172,Adress_172,P_Code_172,Doc_ID_172
157,Name_369,Last_name_369,Adress_369,P_Code_369,Doc_ID_369
158,Name_276,Last_name_276,Adress_276,P_Code_276,Doc_ID_276
159,Name_52,Last_name_52,Adress_52,P_Code_52,Doc_ID_52
160,Name_9,Last_name_9,Adress_9,P_Code_9,Doc_ID_9
161,Name_242,Last_name_242,Adress_242,P_Code_242,Doc_ID_242
162,Name_62,Last_name_62,Adress_62,P_Code_62,Doc_ID_62
163,Name_128,Last_name_128,Adress_128,P_Code_128,Doc_ID_128
164,Name_259,Last_name_259,Adress_259,P_Code_259,Doc_ID_259
165,Name_79,Last_name_79,Adress_79,P_Code_79,Doc_ID_79
166,Name_198,Last_name_198,Adress_198,P_Code_198,Doc_ID_198
167,Name_83,Last_name_83,Adress_83,P_Code_83,Doc_ID_83
168,Name_296,Last_name_296,Adress_296,P_Code_296,Doc_ID_296
169,Name_186,Last_name_186,Adress_186,P_Code_186,Doc_ID_186
170,Name_576,Last_name_576,Adress_576,P_Code_576,Doc_ID_576
171,Name_411,Last_name_411,Adress_411,P_Code_411,Doc_ID_411
172,Name_154,Last_name_154,Adress_154,P_Code_154,Doc_ID_154
173,Name_115,Last_name_115,Adress_115,P_Code_115,Doc_ID_115
174,Name_11,Last_name_11,Adress_11,P_Code_11,Doc_ID_11
175,Name_150,Last_name_150,Adress_150,P_Code_150,Doc_ID_150
